{
  "lambda_hour": [
    0.3328796422321602,
    0.28174217382850475,
    0.23007694230715814,
    0.19157801172189662,
    0.16488430876920085,
    0.15494014055165134,
    0.17932835199022248,
    0.2361601066637038,
    0.3318796700091664,
    0.49437515624565986,
    0.6449543068248105,
    0.8034499041693286,
    0.7665898169495292,
    0.7439793339073915,
    0.7275631232465765,
    0.7437015638454487,
    0.7421182744923752,
    0.7137579511680231,
    0.6781200522207717,
    0.6654815144023777,
    0.6040387767006472,
    0.5318463376017333,
    0.4617093969611955,
    0.3824893752951307
  ],
  "acuity_probs": [
    0.09571239237983468,
    0.4872322774500976,
    0.4100492700545309,
    0.0068188946106451645,
    0.00018716550489159575
  ],
  "lognorm_params": {
    "1": [
      4.353969652628188,
      1.097948282694286
    ],
    "2": [
      3.9509677130443075,
      1.2034550649371367
    ],
    "3": [
      3.794637713831666,
      1.1993233579862739
    ],
    "4": [
      2.9794428654229232,
      1.3247182141937526
    ],
    "5": [
      3.0299863150082635,
      1.412406520004513
    ]
  }
}