{
  "lambda_hour": [
    0.32720148942673744,
    0.27835051546391754,
    0.22724872870758886,
    0.1897351821491094,
    0.16358685080723595,
    0.15427793369827994,
    0.1788423597410176,
    0.2355572845749854,
    0.33134187345430294,
    0.49317809208880986,
    0.6431767026981966,
    0.7992886320060022,
    0.7594964848417484,
    0.734793119737683,
    0.717203434573596,
    0.730986189457304,
    0.7279573179203601,
    0.6983077222330286,
    0.6632395031539167,
    0.6515130463778587,
    0.5897963153360936,
    0.5202712090477116,
    0.45074610275932975,
    0.37510767777252896
  ],
  "acuity_probs": [
    0.09571239237983468,
    0.4872322774500976,
    0.4100492700545309,
    0.0068188946106451645,
    0.00018716550489159575
  ],
  "lognorm_params": {
    "1": [
      4.35396965262819,
      1.097948282694286
    ],
    "2": [
      3.9509677130443075,
      1.2034550649371367
    ],
    "3": [
      3.794637713831666,
      1.199323357986274
    ],
    "4": [
      2.979442865422923,
      1.3247182141937526
    ],
    "5": [
      3.0299863150082644,
      1.4124065200045128
    ]
  },
  "caregroup_los": {
    "1": {
      "Discharge": {
        "mean": 7270.1,
        "std": 9452.5
      },
      "Emergency": {
        "mean": 6688.3,
        "std": 8674.5
      },
      "ICU": {
        "mean": 12953.6,
        "std": 13214.9
      },
      "Medical Ward": {
        "mean": 9821.6,
        "std": 11579.5
      },
      "Observation": {
        "mean": 3461.2,
        "std": 2387.8
      },
      "Obstetrics": {
        "mean": 7194.9,
        "std": 10075.8
      },
      "Other": {
        "mean": 10142.5,
        "std": 13454.3
      },
      "Psychiatry": {
        "mean": 0.0,
        "std": 0.0
      },
      "Step-Down": {
        "mean": 17130.7,
        "std": 18617.9
      },
      "Surgical Ward": {
        "mean": 10173.5,
        "std": 11208.2
      }
    },
    "2": {
      "Discharge": {
        "mean": 5392.0,
        "std": 8269.9
      },
      "Emergency": {
        "mean": 4310.3,
        "std": 6570.9
      },
      "ICU": {
        "mean": 13712.4,
        "std": 14816.0
      },
      "Medical Ward": {
        "mean": 8666.0,
        "std": 11919.6
      },
      "Observation": {
        "mean": 4081.2,
        "std": 5480.1
      },
      "Obstetrics": {
        "mean": 7704.4,
        "std": 13343.3
      },
      "Other": {
        "mean": 8564.4,
        "std": 10541.7
      },
      "Psychiatry": {
        "mean": 17686.0,
        "std": 15513.5
      },
      "Step-Down": {
        "mean": 12749.5,
        "std": 15840.5
      },
      "Surgical Ward": {
        "mean": 8409.6,
        "std": 10006.5
      }
    },
    "3": {
      "Discharge": {
        "mean": 4623.8,
        "std": 6633.5
      },
      "Emergency": {
        "mean": 3825.4,
        "std": 6215.6
      },
      "ICU": {
        "mean": 14955.8,
        "std": 16712.5
      },
      "Medical Ward": {
        "mean": 7023.4,
        "std": 8538.9
      },
      "Observation": {
        "mean": 3436.7,
        "std": 3232.5
      },
      "Obstetrics": {
        "mean": 8245.4,
        "std": 11895.2
      },
      "Other": {
        "mean": 7298.8,
        "std": 9086.7
      },
      "Psychiatry": {
        "mean": 19227.2,
        "std": 16791.8
      },
      "Step-Down": {
        "mean": 12500.9,
        "std": 15348.1
      },
      "Surgical Ward": {
        "mean": 7042.2,
        "std": 9767.6
      }
    },
    "4": {
      "Discharge": {
        "mean": 2501.6,
        "std": 3873.8
      },
      "Emergency": {
        "mean": 1668.3,
        "std": 3140.9
      },
      "ICU": {
        "mean": 5639.6,
        "std": 2730.0
      },
      "Medical Ward": {
        "mean": 7910.9,
        "std": 11666.2
      },
      "Observation": {
        "mean": 4736.0,
        "std": 6498.2
      },
      "Obstetrics": {
        "mean": 0.0,
        "std": 0.0
      },
      "Other": {
        "mean": 5764.8,
        "std": 5197.2
      },
      "Psychiatry": {
        "mean": 20214.0,
        "std": 0.0
      },
      "Step-Down": {
        "mean": 6762.0,
        "std": 5977.1
      },
      "Surgical Ward": {
        "mean": 5359.8,
        "std": 2740.9
      }
    },
    "5": {
      "Discharge": {
        "mean": 2821.3,
        "std": 3891.3
      },
      "Emergency": {
        "mean": 2473.8,
        "std": 3190.9
      },
      "ICU": {
        "mean": 0.0,
        "std": 0.0
      },
      "Medical Ward": {
        "mean": 4997.0,
        "std": 1855.0
      },
      "Observation": {
        "mean": 0.0,
        "std": 0.0
      },
      "Obstetrics": {
        "mean": 0.0,
        "std": 0.0
      },
      "Other": {
        "mean": 8643.0,
        "std": 0.0
      },
      "Psychiatry": {
        "mean": 0.0,
        "std": 0.0
      },
      "Step-Down": {
        "mean": 2665.0,
        "std": 0.0
      },
      "Surgical Ward": {
        "mean": 0.0,
        "std": 0.0
      }
    }
  }
}