careunit_group,Discharge,Emergency,ICU,Medical Ward,Observation,Other,Step‑Down,Surgical Ward
Emergency,0.0019647513941347216,0.22996233167443586,0.08053701510291433,0.44957476984703915,0.0060315071905325925,0.14912285160916444,0.03231799996949933,0.05048877321227957
ICU,0.018977332630469163,0.006801496586394435,0.17034598917417745,0.4081540815408154,0.0018385898144695732,0.31644316443164433,0.04551474086169433,0.03192460496033532
Medical Ward,0.06611620982841708,0.029325639215445534,0.07878694864790202,0.6964731882500997,0.0013567021701095798,0.10651646766321864,0.011725344547100893,0.009699499677706499
Observation,0.04111637179167705,0.00797408422626464,0.02118116122601545,0.14004485422377275,0.3830052329927735,0.4044355843508597,0.00174433092449539,0.00049838026414154
Other,0.02856635533932313,0.009268795056642637,0.09765971802975958,0.2054547391597713,0.09736141198195959,0.48456266202635034,0.025249476188785112,0.051876842217408285
Step‑Down,0.049086555516140475,0.009843916282369634,0.06491663710535651,0.0537424618659099,0.0010198652004256828,0.15586200780418588,0.6509400496630011,0.014588506562610855
Surgical Ward,0.05101891218296437,0.02335923373894346,0.05551483164736353,0.10692469334897131,4.8868689830425645e-05,0.11029663294727068,0.035332062747397745,0.6175047646972585
