{
  "lambda_hour": [
    4.22,
    3.59,
    2.93,
    2.44,
    2.11,
    1.99,
    2.3,
    3.04,
    4.27,
    6.35,
    8.29,
    10.3,
    9.79,
    9.47,
    9.24,
    9.42,
    9.38,
    9.0,
    8.55,
    8.39,
    7.6,
    6.7,
    5.81,
    4.83
  ],
  "acuity_probs": [
    0.09571239237983468,
    0.4872322774500976,
    0.4100492700545309,
    0.0068188946106451645,
    0.00018716550489159575
  ],
  "lognorm_params": {
    "1": [
      4.35396965262819,
      1.097948282694286
    ],
    "2": [
      3.9509677130443075,
      1.2034550649371367
    ],
    "3": [
      3.794637713831666,
      1.199323357986274
    ],
    "4": [
      2.979442865422923,
      1.3247182141937526
    ],
    "5": [
      3.0299863150082644,
      1.4124065200045128
    ]
  },
  "caregroup_los": {
    "1": {
      "Discharge": {
        "mean": 7306.2,
        "std": 9068.6
      },
      "Emergency": {
        "mean": 6856.7,
        "std": 9073.2
      },
      "ICU": {
        "mean": 12991.2,
        "std": 16215.7
      },
      "Medical Ward": {
        "mean": 9558.4,
        "std": 11585.1
      },
      "Observation": {
        "mean": 3198.2,
        "std": 2258.9
      },
      "Obstetrics": {
        "mean": 7611.8,
        "std": 11400.1
      },
      "Other": {
        "mean": 10213.1,
        "std": 11904.6
      },
      "Psychiatry": {
        "mean": 0.0,
        "std": 0.0
      },
      "Step-Down": {
        "mean": 14290.8,
        "std": 16759.5
      },
      "Surgical Ward": {
        "mean": 10030.2,
        "std": 12087.5
      }
    },
    "2": {
      "Discharge": {
        "mean": 5429.2,
        "std": 7491.7
      },
      "Emergency": {
        "mean": 4328.3,
        "std": 6803.3
      },
      "ICU": {
        "mean": 14227.2,
        "std": 17544.3
      },
      "Medical Ward": {
        "mean": 8369.6,
        "std": 11752.2
      },
      "Observation": {
        "mean": 4181.4,
        "std": 4667.4
      },
      "Obstetrics": {
        "mean": 5157.1,
        "std": 8816.5
      },
      "Other": {
        "mean": 8714.5,
        "std": 10853.0
      },
      "Psychiatry": {
        "mean": 19012.6,
        "std": 20352.9
      },
      "Step-Down": {
        "mean": 12954.9,
        "std": 15704.2
      },
      "Surgical Ward": {
        "mean": 8564.7,
        "std": 11308.5
      }
    },
    "3": {
      "Discharge": {
        "mean": 4603.0,
        "std": 6334.0
      },
      "Emergency": {
        "mean": 3748.7,
        "std": 5697.2
      },
      "ICU": {
        "mean": 14825.1,
        "std": 16527.4
      },
      "Medical Ward": {
        "mean": 7002.8,
        "std": 9049.8
      },
      "Observation": {
        "mean": 3562.6,
        "std": 4179.4
      },
      "Obstetrics": {
        "mean": 3625.3,
        "std": 2414.6
      },
      "Other": {
        "mean": 7548.1,
        "std": 9854.3
      },
      "Psychiatry": {
        "mean": 21742.4,
        "std": 19051.2
      },
      "Step-Down": {
        "mean": 14153.1,
        "std": 17792.9
      },
      "Surgical Ward": {
        "mean": 6583.9,
        "std": 7328.0
      }
    },
    "4": {
      "Discharge": {
        "mean": 2427.3,
        "std": 3478.6
      },
      "Emergency": {
        "mean": 1924.7,
        "std": 3839.8
      },
      "ICU": {
        "mean": 7962.6,
        "std": 9496.7
      },
      "Medical Ward": {
        "mean": 6961.2,
        "std": 11693.7
      },
      "Observation": {
        "mean": 4055.2,
        "std": 4874.7
      },
      "Obstetrics": {
        "mean": 3784.0,
        "std": 0.0
      },
      "Other": {
        "mean": 5294.0,
        "std": 5305.1
      },
      "Psychiatry": {
        "mean": 20214.0,
        "std": 0.0
      },
      "Step-Down": {
        "mean": 7425.0,
        "std": 7856.2
      },
      "Surgical Ward": {
        "mean": 4233.7,
        "std": 2385.9
      }
    },
    "5": {
      "Discharge": {
        "mean": 3332.1,
        "std": 2940.6
      },
      "Emergency": {
        "mean": 1636.0,
        "std": 2797.2
      },
      "ICU": {
        "mean": 0.0,
        "std": 0.0
      },
      "Medical Ward": {
        "mean": 5024.0,
        "std": 1828.0
      },
      "Observation": {
        "mean": 0.0,
        "std": 0.0
      },
      "Obstetrics": {
        "mean": 0.0,
        "std": 0.0
      },
      "Other": {
        "mean": 8472.0,
        "std": 1307.0
      },
      "Psychiatry": {
        "mean": 0.0,
        "std": 0.0
      },
      "Step-Down": {
        "mean": 2665.0,
        "std": 0.0
      },
      "Surgical Ward": {
        "mean": 12860.0,
        "std": 0.0
      }
    }
  },
  "acuity_los_summary": {
    "1": {
      "n": 18921,
      "mean": 144.4,
      "median": 90.4,
      "sd": 186.0,
      "p95": 472.6,
      "skew": 5.23
    },
    "2": {
      "n": 96319,
      "mean": 104.8,
      "median": 63.0,
      "sd": 156.5,
      "p95": 339.3,
      "skew": 7.19
    },
    "3": {
      "n": 81061,
      "mean": 87.1,
      "median": 49.7,
      "sd": 128.4,
      "p95": 278.3,
      "skew": 7.18
    },
    "4": {
      "n": 1348,
      "mean": 45.7,
      "median": 18.8,
      "sd": 82.3,
      "p95": 147.7,
      "skew": 6.4
    },
    "5": {
      "n": 37,
      "mean": 48.9,
      "median": 16.9,
      "sd": 59.2,
      "p95": 169.9,
      "skew": 1.33
    }
  },
  "overall_los_stats": {
    "n": 197686,
    "mean": 100.9,
    "median": 61.2,
    "sd": 149.4,
    "p95": 329.8,
    "skew": 6.95
  }
}