unit_group,H,p
Discharge,0.2339771774156013,0.9936678484164262
Emergency,2221.1820235867185,0.0
ICU,16.97219962909948,0.0019571376322730315
Medical Ward,24.702374734029394,5.773874930483137e-05
Observation,6.872455370081765,0.14278385578209069
Obstetrics,11.513042492576258,0.009251804075480978
Other,15.260488957845654,0.0041903473644725065
Psychiatry,4.127081944766132,0.2480645185877141
Step-Down,9.824583614654818,0.0434885207542066
Surgical Ward,28.824418252356082,8.486370682741881e-06
