group,proportion
Medical Ward,0.2998370430928451
Medicine,0.2163569141204268
Emergency,0.1455980555153306
Surgical Ward,0.0909369197295172
Other-Small,0.06373649739800528
Neurology,0.0560102503377369
Step-Down,0.05061012605789095
Observation,0.0319699822012197
ICU,0.019116733236426826
Psychiatry,0.017258034655380054
PACU,0.00421781601083691
Discharge,0.002074996838012769
Obstetrics,0.0012116368462247705
Pediatrics,0.0010649939601461297
