group,proportion
Medical Ward,0.2916401892254466
Medicine,0.20933157931898164
Emergency,0.15975651902473828
Surgical Ward,0.08848667952448373
Other-Small,0.06306647788715593
Neurology,0.0543335674496557
Step-Down,0.04955462156768749
Observation,0.031880697295027446
ICU,0.0230251544981921
Psychiatry,0.01683965261597119
Discharge,0.005559333623191637
PACU,0.004312571303284689
Obstetrics,0.001406556000252697
Pediatrics,0.0008064006659308725
