group,count
Medical Ward,0.2998370430928451
Medicine,0.2163569141204268
Emergency,0.1455980555153306
Surgical Ward,0.0909369197295172
Other‑Small,0.08327116285975625
Neurology,0.0560102503377369
Step‑Down,0.05061012605789095
Observation,0.0319699822012197
ICU,0.019116733236426826
PACU,0.00421781601083691
Discharge,0.002074996838012769
